{
  "name": "aethernaut-prime",
  "title": "Aethernauts",
  "description": "<p>Take to the skies!</p>",
  "version": "1.0.0",
  "minimumCoreVersion": "0.0.0",
  "compatibleCoreVersion": "1.0.0",
  "scripts": [],
  "esmodules": [],
  "styles": [],
  "packs": [
    {
      "label": "Testo",
      "entity": "JournalEntry",
      "name": "testo",
      "path": "packs/testo.db",
      "system": "prime",
      "package": "world",
      "absPath": "/home/ubuntu/.local/share/FoundryVTT/Data/worlds/aethernaut-prime/packs/testo.db"
    },
    {
      "label": "Aether item 1",
      "entity": "Item",
      "name": "aether-item-1",
      "path": "packs/aether-item-1.db",
      "system": "prime",
      "package": "world",
      "absPath": "/home/ubuntu/.local/share/FoundryVTT/Data/worlds/aethernaut-prime/packs/aether-item-1.db"
    },
    {
      "label": "Maps",
      "entity": "Scene",
      "name": "maps",
      "path": "packs/maps.db",
      "system": "prime",
      "package": "world",
      "absPath": "/home/ubuntu/.local/share/FoundryVTT/Data/worlds/aethernaut-prime/packs/maps.db"
    }
  ],
  "languages": [],
  "authors": [],
  "keywords": [],
  "socket": false,
  "url": "",
  "manifest": "",
  "download": "",
  "license": "",
  "readme": "",
  "bugs": "",
  "changelog": "",
  "background": "https://mh-foundry.s3.us-east-2.amazonaws.com/Foundry/Images/foundry-splash.jpg",
  "system": "prime",
  "coreVersion": "0.7.9",
  "systemVersion": "0.1.19",
  "nextSession": "2020-12-22T20:00:00.000Z",
  "availability": 0,
  "unavailable": false,
  "id": "aethernaut-prime"
}