{
  "name": "prime",
  "title": "Prime system",
  "description": "The foundry VTT system of the Prime RPG as used in the Possession world.",
  "version": "0.2.2",
  "minimumCoreVersion": "0.6.5",
  "compatibleCoreVersion": "0.7.9",
  "templateVersion": 2,
  "author": "Matt Henderson, Johnathan Castle, Jack Moxley & co",
  "esmodules": [
    "module/prime_system_core.js",
    "module/prime_handlebars.js",
    "module/prime_dice/prime_dice.js",
    "module/prime_controls/prime_controls_core.js"
  ],
  "styles": ["css/core_imports.css"],
  "scripts": ["lib/chroma.min.js"],
  "packs": [
    {
      "name": "weapon-combo-actions",
      "label": "Weapon combo actions",
      "system": "prime",
      "path": "./packs/weapon-combo-actions.db",
      "entity": "Item"
    }
  ],
  "languages": [
    {
      "lang": "en",
      "name": "English",
      "path": "lang/en.json"
    }
  ],
  "gridDistance": 5,
  "gridUnits": "ft",
  "primaryTokenAttribute": "health",
  "secondaryTokenAttribute": "power",
  "url": "https://github.com/johnc303/prime/",
  "manifest": "https://raw.githubusercontent.com/johnc303/prime/master/system.json",
  "download": "https://github.com/johnc303/prime/blob/master/prime.zip?raw=true",
  "license": "LICENSE2.txt"
}