{
  "name": "prime",
  "title": "Prime system",
  "description": "The foundry VTT system of the Prime RPG as used in the Possession world.",
  "version": "0.13.3",
  "compatibility": {
    "minimum": "0.10.291",
    "verified": 11
  },
  "templateVersion": 2,
  "authors": [
    {"name": "Matt Henderson"},
    {"name": "Johnathan Castle"},
    {"name": "Mike Hobbsy"},
    {"name": "Jack Moxley"}
  ],
  "esmodules": [
    "module/prime_system_core.js",
    "module/prime_handlebars.js",
    "module/prime_dice/prime_dice.js",
    "module/prime_dice/PrimeDie.js",
    "module/prime_controls/prime_controls_core.js"
  ],
  "styles": ["css/core_imports.css"],
  "scripts": ["lib/chroma.min.js"],
  "packs": [
    {
      "name": "weapon-combo-actions",
      "label": "Weapon combo actions",
      "system": "prime",
      "path": "./packs/weapon-combo-actions.db",
      "type": "Item"
    },
    {
      "name": "statistics-and-lies",
      "label": "Statistics & Lies",
      "system": "prime",
      "path": "./packs/statistics-and-lies-v2.db",
      "type": "Item"
    }
  ],
  "languages": [
    {
      "lang": "en",
      "name": "English",
      "path": "lang/en.json"
    }
  ],
  "gridDistance": 5,
  "gridUnits": "ft",
  "primaryTokenAttribute": "health",
  "secondaryTokenAttribute": "power",
  "url": "https://github.com/prime-foundry/prime",
  "manifest": "https://raw.githubusercontent.com/johnc303/prime/foundry-v10/system.json",
  "download": "https://github.com/prime-foundry/prime/releases/download/0.13.1/release.zip",
  "license": "LICENSE2.txt"
}
