{
  "name": "prime",
  "title": "Prime system",
  "description": "The foundry VTT system of the Prime RPG as used in the Possession world.",
  "version": "0.0.2",
  "minimumCoreVersion": "0.6.5",
  "compatibleCoreVersion": "0.9.5",
  "templateVersion": 2,
  "author": "Matt Henderson, Johnathan Castle, Jack Moxley & co",
  "esmodules": ["module/boilerplate.js", "module/prime_dice/prime_dice.js"],
  "styles": ["css/core_imports.css"],
  "scripts": [],
  "packs": [],
  "languages": [
    {
      "lang": "en",
      "name": "English",
      "path": "lang/en.json"
    }
  ],
  "gridDistance": 5,
  "gridUnits": "ft",
  "primaryTokenAttribute": "health",
  "secondaryTokenAttribute": "power",
  "url": "https://github.com/johnc303/prime/",
  "manifest": "https://raw.githubusercontent.com/johnc303/prime/master/system.json",
  "download": "https://github.com/johnc303/prime/blob/master/prime.zip?raw=true",
  "license": "LICENSE2.txt"
}
