{
	"Actor": {
		"types": [
			"character"
		],
		"templates": {
			"base_template": {
				"actionPoints": {
					"base": 6,
					"value": 0
				},
				"health": {
					"wounds": {
						"base": 3,
						"injuries": [
							{
								"detail": "",
								"tended": false
							}
						]
					},
					"resilience": {
						"base": 4,
						"value": 4
					}
				},
				"armour": {
					"protection": {
						"value": 0,
						"max": 0
					},
					"resilience": {
						"value": 0,
						"max": 0
					}
				},
				"soul": {
					"initial": 100,
					"awarded": 0,
					"burnt": 0
				},
				"xp": {
					"initial": 100,
					"awarded": 0
				}
			},
			"mental_template": {
				"mind": {
					"insanities": {
						"base": 3,
						"injuries": [
							{
								"detail": "",
								"tended": false
							}
						]
					},
					"psyche": {
						"base": 4,
						"value": 4
					}
				},
				"ward": {
					"stability": {
						"value": 0,
						"max": 0
					},
					"psyche": {
						"value": 0,
						"max": 0
					}
				}
			},
			"profile_template": {
				"profile": {
					"npc": false,
					"race": "",
					"faction": "",
					"occupation": "",
					"celestial": "",
					"birthplace": "",
					"rankOrTitle": "",
					"height": "",
					"weight": "",
					"hair": "",
					"eyes": "",
					"gender": "",
					"age": "",
					"biography": ""
				},
				"notes": {
					"core": ""
				}
			},
			"orderingTables": {
				"perkOrder": {},
				"inventoryOrder": {}
			},
			"wealth": {
				"costs": [
					{
						"type": "personal",
						"amount": 0
					},
					{
						"type": "ship",
						"amount": 0
					}
				]
			}
		},
		"character": {
			"templates": [
				"base_template",
				"mental_template",
				"profile_template",
				"orderingTables",
				"wealth"
			],
			"sheetVersion": "v2.0"
		}
	},
	"Item": {
		"types": [
			"item",
			"melee-weapon",
			"ranged-weapon",
			"shield",
			"armour",
			"perk",
			"action",
			"prime",
			"refinement",
			"injury",
			"award"
		],
		"templates": {
			"audit": {
				"audit": {
					"created": {
						"name": "",
						"date": "",
						"userId": ""
					},
					"updates": [
						{
							"name": "",
							"date": "",
							"userId": ""
						}
					]
				}
			},
			"descriptions": {
				"descriptions": {
					"core": "",
					"setting": ""
				}
			},
			"metadata": {
				"metadata": {
					"setting": "Prime / Possession",
					"default": false,
					"customisable": false,
					"sourceKey": ""
				}
			},
			"modifiers": {
				"modifiers": []
			},
			"prerequisites": {
				"prerequisites": []
			},
			"costs": {
				"costs": []
			},
			"physicalItem": {
				"quantity": 1,
				"weight": 0,
				"rarity": "common",
				"equipped": false,
				"masterCraft": false
			},
			"weapon": {
				"weapon": {
					"size": "tiny",
					"type": "blunt",
					"damageRating": 0,
					"requiredHands": 1,
					"woundConditions": [],
					"keywords": [],
					"customActions": []
				}
			},
			"ranged": {
				"ranges": {
					"pointBlank": {
						"value": 0
					},
					"short": {
						"value": 0
					},
					"medium": {
						"value": 0
					},
					"long": {
						"value": 0
					},
					"extreme": {
						"value": 0
					}
				},
				"ammo": {
					"type": "arrow",
					"capacity": 1
				}
			},
			"armour": {
				"armour": {
					"type": "cloth",
					"protection": 0,
					"resilience": 1,
					"keywords": [],
					"untrainedPenalty": []
				}
			}
		},
		"item": {
			"templates": [
				"physicalItem",
				"costs",
				"audit",
				"descriptions",
				"metadata",
				"modifiers"
			]
		},
		"melee-weapon": {
			"templates": [
				"physicalItem",
				"weapon",
				"costs",
				"audit",
				"descriptions",
				"metadata",
				"modifiers"
			],
			"isMelee": true,
			"isRanged": false,
			"notes": ""
		},
		"ranged-weapon": {
			"templates": [
				"physicalItem",
				"weapon",
				"ranged",
				"costs",
				"audit",
				"descriptions",
				"metadata",
				"modifiers"
			],
			"weapon": {
				"type": "bow"
			},
			"isMelee": false,
			"isRanged": true,
			"notes": ""
		},
		"shield": {
			"templates": [
				"physicalItem",
				"weapon",
				"costs",
				"audit",
				"descriptions",
				"metadata",
				"modifiers"
			],
			"meleeBlockBonus": 0,
			"rangedBlockBonus": 0,
			"notes": ""
		},
		"armour": {
			"templates": [
				"physicalItem",
				"armour",
				"costs",
				"audit",
				"descriptions",
				"metadata",
				"modifiers"
			],
			"notes": ""
		},
		"perk": {
			"templates": [
				"audit",
				"descriptions",
				"metadata",
				"costs",
				"modifiers",
				"prerequisites"
			]
		},
		"action": {
			"templates": [
				"audit",
				"descriptions",
				"metadata"
			],
			"points": 0,
			"type": "major",
			"default": false,
			"effects": []
		},
		"prime": {
			"templates": [
				"audit",
				"descriptions",
				"metadata"
			],
			"value": 0,
			"max": 10,
			"statType": "physical"
		},
		"refinement": {
			"templates": [
				"audit",
				"descriptions",
				"metadata"
			],
			"value": 0,
			"max": 10,
			"related": [],
			"statType": "physical"
		},
		"injury": {
			"templates": [
				"audit",
				"descriptions",
				"metadata"
			],
			"untendedModifiers": [],
			"tendedModifiers": [],
			"permanentModifiers": [],
			"injuryType": "wound",
			"injuryState": "untended",
			"injuryNotes": "",
			"injuryIndex": 0
		},
		"award": {
			"templates": [
				"base",
				"metadata"
			],
			"reward": {
				"soul": 0,
				"xp": 0
			},
			"default": false,
			"awardNotes": ""
		}
	},
	"Tables": {
		"core": {
			"settings": [
				{
					"key": "Prime / Possession",
					"title": "PRIME.core_settings_prime_possession"
				},
				{
					"key": "Aethernauts",
					"title": "PRIME.core_settings_aethernauts"
				}
			],
			"costs": [
				{
					"key": "xp",
					"title": "PRIME.cost_xp",
					"material": false
				},
				{
					"key": "soul",
					"title": "PRIME.cost_soul",
					"material": false
				},
				{
					"key": "personal",
					"title": "PRIME.cost_personal",
					"material": true
				},
				{
					"key": "ship",
					"title": "PRIME.cost_ship",
					"material": true
				}
			]
		},
		"actor": {
			"actorStatMinimums": {
				"att": 0
			},
			"actorStatLookup": [
				{
					"key": "actionPoints.default",
					"title": "PRIME.perk_actor_stat_bonus_base_ap_bonus"
				},
				{
					"key": "actionPoints.max",
					"title": "PRIME.perk_actor_stat_bonus_max_ap_bonus"
				},
				{
					"key": "actionPoints.perRound",
					"title": "PRIME.perk_actor_stat_bonus_per_round_ap_bonus"
				},
				{
					"key": "health.wounds.max",
					"title": "PRIME.perk_actor_stat_bonus_max_wounds"
				},
				{
					"key": "health.resilience.max",
					"title": "PRIME.perk_actor_stat_bonus_max_resilience"
				},
				{
					"key": "armour.protection.max",
					"title": "PRIME.perk_actor_stat_bonus_max_protection"
				},
				{
					"key": "armour.resilience.max",
					"title": "PRIME.perk_actor_stat_bonus_max_armour_resilience"
				},
				{
					"key": "health.insanities.max",
					"title": "PRIME.perk_actor_stat_bonus_max_insanities"
				},
				{
					"key": "health.psyche.max",
					"title": "PRIME.perk_actor_stat_bonus_max_psyche"
				},
				{
					"key": "armour.stability.max",
					"title": "PRIME.perk_actor_stat_bonus_max_stability"
				},
				{
					"key": "armour.psyche.max",
					"title": "PRIME.perk_actor_stat_bonus_max_ward_psyche"
				}
			],
			"woundConditions": {
				"bleeding": {
					"title": "PRIME.actor_wound_condition_title_bleeding",
					"description": "PRIME.actor_wound_condition_description_bleeding"
				},
				"pierced": {
					"title": "PRIME.actor_wound_condition_title_pierced",
					"description": "PRIME.actor_wound_condition_description_pierced"
				},
				"hooked": {
					"title": "PRIME.actor_wound_condition_title_hooked",
					"description": "PRIME.actor_wound_condition_description_hooked"
				},
				"non-lethal": {
					"title": "PRIME.actor_wound_condition_title_non-lethal",
					"description": "PRIME.actor_wound_condition_description_non-lethal"
				},
				"staggered": {
					"title": "PRIME.actor_wound_condition_title_staggered",
					"description": "PRIME.actor_wound_condition_description_staggered"
				},
				"stunned": {
					"title": "PRIME.actor_wound_condition_title_stunned",
					"description": "PRIME.actor_wound_condition_description_stunned"
				},
				"crushed": {
					"title": "PRIME.actor_wound_condition_title_crushed",
					"description": "PRIME.actor_wound_condition_description_crushed"
				},
				"battered": {
					"title": "PRIME.actor_wound_condition_title_battered",
					"description": "PRIME.actor_wound_condition_description_battered"
				},
				"slowed": {
					"title": "PRIME.actor_wound_condition_title_slowed",
					"description": "PRIME.actor_wound_condition_description_slowed"
				}
			},
			"mentalConditions": {
				"scared": {
					"title": "PRIME.actor_mental_condition_title_scared",
					"description": "PRIME.actor_mental_condition_description_scared"
				},
				"mad": {
					"title": "PRIME.actor_mental_condition_title_mad",
					"description": "PRIME.actor_mental_condition_description_mad"
				}
			}
		},
		"items": {
			"weapons": {
				"sizes": {
					"tiny": {
						"title": "PRIME.weapon_sizes_tiny"
					},
					"small": {
						"title": "PRIME.weapon_sizes_small"
					},
					"medium": {
						"title": "PRIME.weapon_sizes_medium"
					},
					"large": {
						"title": "PRIME.weapon_sizes_large"
					},
					"huge": {
						"title": "PRIME.weapon_sizes_huge"
					}
				},
				"keywords": {
					"accurate": {
						"title": "PRIME.weapon_keywords_title_accurate",
						"description": "PRIME.weapon_keywords_description_accurate"
					},
					"armour_damaging": {
						"title": "PRIME.weapon_keywords_title_armour_damaging",
						"description": "PRIME.weapon_keywords_description_armour_damaging"
					},
					"cumbersome": {
						"title": "PRIME.weapon_keywords_title_cumbersome",
						"description": "PRIME.weapon_keywords_description_cumbersome"
					},
					"devastating": {
						"title": "PRIME.weapon_keywords_title_devastating",
						"description": "PRIME.weapon_keywords_description_devastating"
					},
					"flexible": {
						"title": "PRIME.weapon_keywords_title_flexible",
						"description": "PRIME.weapon_keywords_description_flexible"
					},
					"heavy": {
						"title": "PRIME.weapon_keywords_title_heavy",
						"description": "PRIME.weapon_keywords_description_heavy"
					},
					"minimum_range": {
						"title": "PRIME.weapon_keywords_title_minimum_range",
						"description": "PRIME.weapon_keywords_description_minimum_range"
					},
					"penetrating": {
						"title": "PRIME.weapon_keywords_title_penetrating",
						"description": "PRIME.weapon_keywords_description_penetrating"
					},
					"pistol": {
						"title": "PRIME.weapon_keywords_title_pistol",
						"description": "PRIME.weapon_keywords_description_pistol"
					},
					"pole": {
						"title": "PRIME.weapon_keywords_title_pole",
						"description": "PRIME.weapon_keywords_description_pole"
					},
					"ranked": {
						"title": "PRIME.weapon_keywords_title_ranked",
						"description": "PRIME.weapon_keywords_description_ranked"
					},
					"shield_breaker": {
						"title": "PRIME.weapon_keywords_title_shield_breaker",
						"description": "PRIME.weapon_keywords_description_shield_breaker"
					},
					"versatile": {
						"title": "PRIME.weapon_keywords_title_versatile",
						"description": "PRIME.weapon_keywords_description_versatile"
					},
					"weak": {
						"title": "PRIME.weapon_keywords_title_weak",
						"description": "PRIME.weapon_keywords_description_weak"
					},
					"well_balanced": {
						"title": "PRIME.weapon_keywords_title_well_balanced",
						"description": "PRIME.weapon_keywords_description_well_balanced"
					}
				},
				"meleeWeaponActions": {
					"bash": {
						"title": "PRIME.weapon_action_title_bash",
						"description": "PRIME.weapon_action_description_bash",
						"apCost": 1
					},
					"cleave": {
						"title": "PRIME.weapon_action_title_cleave",
						"description": "PRIME.weapon_action_description_cleave",
						"apCost": 1
					},
					"hook": {
						"title": "PRIME.weapon_action_title_hook",
						"description": "PRIME.weapon_action_description_hook",
						"apCost": 1
					},
					"impale": {
						"title": "PRIME.weapon_action_title_impale",
						"description": "PRIME.weapon_action_description_impale",
						"apCost": 1
					},
					"stab": {
						"title": "PRIME.weapon_action_title_stab",
						"description": "PRIME.weapon_action_description_stab",
						"apCost": 1
					}
				},
				"meleeTypes": {
					"blunt": {
						"title": "PRIME.weapon_melee_type_blunt"
					},
					"sword": {
						"title": "PRIME.weapon_melee_type_sword"
					},
					"dagger": {
						"title": "PRIME.weapon_melee_type_dagger"
					},
					"axe": {
						"title": "PRIME.weapon_melee_type_axe"
					},
					"pole": {
						"title": "PRIME.weapon_melee_type_pole"
					}
				},
				"rangedWeaponActions": {
					"impale": {
						"title": "PRIME.weapon_action_title_impale",
						"description": "PRIME.weapon_action_description_impale",
						"apCost": 1
					},
					"suppress": {
						"title": "PRIME.weapon_action_title_suppress",
						"description": "PRIME.weapon_action_description_suppress",
						"apCost": 1
					},
					"lob": {
						"title": "PRIME.weapon_action_title_lob",
						"description": "PRIME.weapon_action_description_lob",
						"apCost": 1
					}
				},
				"rangedTypes": {
					"bow": {
						"title": "PRIME.weapon_ranged_type_bow"
					},
					"mechanical": {
						"title": "PRIME.weapon_ranged_type_mechanical"
					},
					"thrown": {
						"title": "PRIME.weapon_ranged_type_thrown"
					},
					"blowpipe": {
						"title": "PRIME.weapon_ranged_type_blowpipe"
					}
				},
				"rangeCategories": {
					"pointBlank": {
						"title": "PRIME.weapons_ranges_point_blank"
					},
					"short": {
						"title": "PRIME.weapons_ranges_short"
					},
					"medium": {
						"title": "PRIME.weapons_ranges_medium"
					},
					"long": {
						"title": "PRIME.weapons_ranges_long"
					},
					"extreme": {
						"title": "PRIME.weapons_ranges_extreme"
					}
				},
				"ammoTypes": {
					"arrow": {
						"title": "PRIME.weapon_ammo_type_arrow"
					},
					"bolt": {
						"title": "PRIME.weapon_ammo_type_bolt"
					},
					"dart": {
						"title": "PRIME.weapon_ammo_type_dart"
					},
					"bullet": {
						"title": "PRIME.weapon_ammo_type_bullet"
					}
				}
			},
			"armour": {
				"types": {
					"cloth": {
						"title": "PRIME.armour_type_cloth"
					},
					"leather": {
						"title": "PRIME.armour_type_leather"
					},
					"chain": {
						"title": "PRIME.armour_type_chain"
					},
					"plate": {
						"title": "PRIME.armour_type_plate"
					},
					"other": {
						"title": "PRIME.armour_type_other"
					}
				},
				"keywords": {
					"ablative": {
						"title": "PRIME.armour_keyword_title_ablative",
						"description": "PRIME.armour_keyword_description_ablative"
					},
					"camouflaging": {
						"title": "PRIME.armour_keyword_title_camouflaging",
						"description": "PRIME.armour_keyword_description_camouflaging"
					},
					"cumbersome": {
						"title": "PRIME.armour_keyword_title_cumbersome",
						"description": "PRIME.armour_keyword_description_cumbersome"
					},
					"restrictive": {
						"title": "PRIME.armour_keyword_title_restrictive",
						"description": "PRIME.armour_keyword_description_restrictive"
					},
					"senseDepriving": {
						"title": "PRIME.armour_keyword_title_sense_depriving",
						"description": "PRIME.armour_keyword_description_sense_depriving"
					},
					"silent": {
						"title": "PRIME.armour_keyword_title_silent",
						"description": "PRIME.armour_keyword_description_silent"
					}
				},
				"untrainedPenalties": {
					"plusOneAP": {
						"title": "PRIME.armour_untrained_penalities_title_plus_one_ap",
						"description": "PRIME.armour_untrained_penalities_description_plus_one_ap"
					},
					"plusTwoAP": {
						"title": "PRIME.armour_untrained_penalities_title_plus_two_ap",
						"description": "PRIME.armour_untrained_penalities_description_plus_two_ap"
					},
					"plusThreeAP": {
						"title": "PRIME.armour_untrained_penalities_title_plus_three_ap",
						"description": "PRIME.armour_untrained_penalities_description_plus_three_ap"
					},
					"plusFourAP": {
						"title": "PRIME.armour_untrained_penalities_title_plus_four_ap",
						"description": "PRIME.armour_untrained_penalities_description_plus_four_ap"
					}
				}
			}
		},
		"lookups": {
			"actor": {
				"actionPoints.value": {
					"valueTypes": "number",
					"title": "PRIME.perk_actor_stat_actionPoints_value",
					"actionable": true
				},
				"actionPoints.max": {
					"valueTypes": "number",
					"title": "PRIME.perk_actor_stat_actionPoints_max",
					"modifiable": true,
					"actionable": true
				},
				"health.wounds.value": {
					"valueTypes": "number",
					"title": "PRIME.perk_actor_stat_health_wounds_value",
					"actionable": true
				},
				"health.wounds.max": {
					"valueTypes": "number",
					"title": "PRIME.perk_actor_stat_health_wounds_max",
					"modifiable": true,
					"actionable": true
				},
				"health.resilience.value": {
					"valueTypes": "number",
					"title": "PRIME.perk_actor_stat_health_resilience_value",
					"actionable": true
				},
				"health.resilience.max": {
					"valueTypes": "number",
					"title": "PRIME.perk_actor_stat_health_resilience_max",
					"modifiable": true,
					"actionable": true
				},
				"health.insanities.value": {
					"valueTypes": "number",
					"title": "PRIME.perk_actor_stat_health_insanities_value",
					"actionable": true
				},
				"health.insanities.max": {
					"valueTypes": "number",
					"title": "PRIME.perk_actor_stat_health_insanities_max",
					"modifiable": true,
					"actionable": true
				},
				"health.psyche.value": {
					"valueTypes": "number",
					"title": "PRIME.perk_actor_stat_health_psyche_value",
					"actionable": true
				},
				"health.psyche.max": {
					"valueTypes": "number",
					"title": "PRIME.perk_actor_stat_health_psyche_max",
					"modifiable": true,
					"actionable": true
				},
				"armour.protection.max": {
					"title": "PRIME.perk_actor_stat_bonus_max_protection",
					"valueTypes": "number",
					"modifiable": true,
					"actionable": true
				},
				"armour.resilience.max": {
					"title": "PRIME.perk_actor_stat_bonus_max_armour_resilience",
					"valueTypes": "number",
					"modifiable": true,
					"actionable": true
				},
				"armour.stability.max": {
					"title": "PRIME.perk_actor_stat_bonus_max_stability",
					"valueTypes": "number",
					"modifiable": true,
					"actionable": true
				},
				"armour.psyche.max": {
					"title": "PRIME.perk_actor_stat_bonus_max_ward_psyche",
					"valueTypes": "number",
					"modifiable": true,
					"actionable": true
				},
				"profile.npc": {
					"valueTypes": "boolean",
					"title": "PRIME.perk_actor_stat_profile_npc"
				},
				"profile.race": {
					"valueTypes": "string",
					"title": "PRIME.perk_actor_stat_profile_race"
				},
				"profile.faction": {
					"valueTypes": "string",
					"title": "PRIME.perk_actor_stat_profile_faction"
				},
				"profile.occupation": {
					"valueTypes": "string",
					"title": "PRIME.perk_actor_stat_profile_occupation"
				},
				"profile.celestial": {
					"valueTypes": "string",
					"title": "PRIME.perk_actor_stat_profile_celestial"
				},
				"profile.rankOrTitle": {
					"valueTypes": "string",
					"title": "PRIME.perk_actor_stat_profile_rankOrTitle"
				}
			},
			"item": {
			}
		},
		"rarity": {
			"common": {
				"title": "PRIME.item_rarity_common"
			},
			"uncommon": {
				"title": "PRIME.item_rarity_uncommon"
			},
			"scarce": {
				"title": "PRIME.item_rarity_scarce"
			},
			"rare": {
				"title": "PRIME.item_rarity_rare"
			},
			"legendary": {
				"title": "PRIME.item_rarity_legendary"
			},
			"unique": {
				"title": "PRIME.item_rarity_unique"
			}
		},
		"modifiers": {
			"prime": {
				"title": "PRIME.item_modifier_prime",
				"itemBaseTypes": "prime",
				"category": "item"
			},
			"refinement": {
				"title": "PRIME.item_modifier_refinement",
				"itemBaseTypes": "refinement",
				"category": "item"
			},
			"actor": {
				"title": "PRIME.item_modifier_actor",
				"category": "actor"
			},
			"action": {
				"title": "PRIME.item_modifier_action",
				"itemBaseTypes": "action",
				"category": "otherItem"
			},
			"extraAction": {
				"title": "PRIME.item_modifier_extra_action",
				"itemBaseTypes": "action",
				"filter": {
					"metadata": {
						"default": false
					}
				},
				"category": "otherItem"
			},
			"perk": {
				"title": "PRIME.item_modifier_perk",
				"itemBaseTypes": "perk",
				"category": "otherItem"
			},
			"misc": {
				"title": "PRIME.item_modifier_misc",
				"category": "misc"
			}
		},
		"prerequisites": {
			"prime": {
				"title": "PRIME.perk_prerequisite_prime",
				"itemBaseTypes": "prime",
				"class": "ItemValueOrNamePrerequisite"
			},
			"refinement": {
				"title": "PRIME.perk_prerequisite_refinement",
				"itemBaseTypes": "refinement",
				"class": "ItemValueOrNamePrerequisite"
			},
			"perk": {
				"title": "PRIME.perk_prerequisite_perk",
				"itemBaseTypes": "perk",
				"class": "ItemPrerequisite"
			},
			"actor": {
				"title": "PRIME.perk_prerequisite_actor",
				"class": "ActorPrerequisite"
			}
		},
		"actions": {
			"types": {
				"major": {
					"title": "PRIME.action_type_major_title"
				},
				"minor": {
					"title": "PRIME.action_type_minor_title"
				},
				"reaction": {
					"title": "PRIME.action_type_reaction_title"
				},
				"combo": {
					"title": "PRIME.action_type_combo_title"
				},
				"weaponCombo": {
					"title": "PRIME.action_type_weapon_combo_title"
				}
			},
			"effects": {
				"move": {
					"title": "PRIME.action_effect_type_move",
					"category": "misc"
				},
				"meleeAttack": {
					"title": "PRIME.action_effect_type_melee_attack",
					"category": "misc"
				},
				"rangedAttack": {
					"title": "PRIME.action_effect_type_ranged_attack",
					"category": "misc"
				},
				"meleeBlock": {
					"title": "PRIME.action_effect_type_melee_block",
					"category": "misc"
				},
				"rangedBlock": {
					"title": "PRIME.action_effect_type_ranged_block",
					"category": "misc"
				},
				"magic": {
					"title": "PRIME.action_effect_type_magic",
					"category": "misc"
				},
				"gainPoints": {
					"title": "PRIME.action_effect_type_gain_points",
					"category": "actor"
				},
				"misc": {
					"title": "PRIME.action_effect_type_misc",
					"category": "misc"
				}
			},
			"miscBonusLookup": [
				{
					"key": "null",
					"title": "Please write in description"
				}
			]
		}
	}
}