{
	"Actor":{
		"types":
		[
			"character"
		],
		"templates":
		{
			"base_template":
			{
				"actionPoints":
				{
					"lastTotal": 0,
					"value": 0,
					"max": 6
				},
				"health":
				{
					"wounds":
					{
						"lastTotal": 0,
						"value": 0,
						"max": 3
					},
					"resilience":
					{
						"value": 3,
						"max": 3
					}
				},
				"armour":
				{
					"protection":
					{
						"value":0,
						"max":0
					},
					"resilience":
					{
						"value":0,
						"max":0
					}
				},
				"soul":
				{
					"initial": 100,
					"value": 0,
					"awarded": 0,
					"spent": 0
				},
				"xp":
				{
					"initial":100,
					"value":0,
					"awarded":0,
					"spent":0
				}
			},
			"metadata_template":
			{
				"metadata":
				{
					"race": "",
					"faction": "",
					"occupation": "",
					"celestial": "",
					"birthplace": "",
					"rankOrTitle": "",
					"height": "",
					"weight": "",
					"hair": "",
					"eyes": "",
					"gender": "",
					"age": "",
					"biography": ""
				}
			},
			"primes_template":
			{
				"primes":
				{
					"end":{
						"value":1,
						"max": 10,
						"type" : "physical",
						"title": "PRIME.prime_title_end",
						"description": "PRIME.prime_description_end"
					},
					"itr":{
						"value":1,
						"max": 10,
						"type" : "physical",
						"title": "PRIME.prime_title_itr",
						"description": "PRIME.prime_description_itr"
					},
					"mov":{
						"value":1,
						"max": 10,
						"type" : "physical",
						"title": "PRIME.prime_title_mov",
						"description": "PRIME.prime_description_mov"
					},
					"str":{
						"value":1,
						"max": 10,
						"type" : "physical",
						"title": "PRIME.prime_title_str",
						"description": "PRIME.prime_description_str"
					},
					"int":{
						"max": 10,
						"value":1,
						"type" : "mental",
						"title": "PRIME.prime_title_int",
						"description": "PRIME.prime_description_int"
					},
					"man":{
						"value":1,
						"max": 10,
						"type" : "mental",
						"title": "PRIME.prime_title_man",
						"description": "PRIME.prime_description_man"
					},
					"per":{
						"value":1,
						"max": 10,
						"type" : "mental",
						"title": "PRIME.prime_title_per",
						"description": "PRIME.prime_description_per"
					},
					"res":{
						"value":1,
						"max": 10,
						"type" : "mental",
						"title": "PRIME.prime_title_res",
						"description": "PRIME.prime_description_res"
					},
					"att":{
						"value":0,
						"max": 10,
						"type" : "supernaturual",
						"title": "PRIME.prime_title_att",
						"description": "PRIME.prime_description_att"
					},
					"por":{
						"value":1,
						"max": 10,
						"type" : "supernaturual",
						"title": "PRIME.prime_title_por",
						"description": "PRIME.prime_description_por"
					}
				}
			},
			"refinements_template":
			{
				"refinements":
				{
					"survival" :
					{
						"value": 0,
						"max": 10,
						"related" : ["end", "per", "int"],
						"type" : "physical",
						"title": "PRIME.refinment_title_survival",
						"description": "PRIME.refinment_description_survival"
					},
					"crafting" :
					{
						"value": 0,
						"max": 10,
						"related" : ["itr", "str", "int"],
						"type" : "physical",
						"title": "PRIME.refinment_title_crafting",
						"description": "PRIME.refinment_description_crafting"
					},
					"physique" :
					{
						"value": 0,
						"max": 10,
						"related" : ["end", "str", "mov"],
						"type" : "physical",
						"title": "PRIME.refinment_title_physique",
						"description": "PRIME.refinment_description_physique"
					},
					"melee" :
					{
						"value": 0,
						"max": 10,
						"related" : ["str"],
						"type" : "physical",
						"title": "PRIME.refinment_title_melee",
						"description": "PRIME.refinment_description_melee"
					},
					"ranged" :
					{
						"value": 0,
						"max": 10,
						"related" : ["itr"],
						"type" : "physical",
						"title": "PRIME.refinment_title_ranged",
						"description": "PRIME.refinment_description_ranged"
					},
					"athletics" :
					{
						"value": 0,
						"max": 10,
						"related" : ["mov", "str"],
						"type" : "physical",
						"title": "PRIME.refinment_title_athletics",
						"description": "PRIME.refinment_description_athletics"
					},
					"handle" :
					{
						"value": 0,
						"max": 10,
						"related" : ["mov"],
						"type" : "physical",
						"title": "PRIME.refinment_title_handle",
						"description": "PRIME.refinment_description_handle"
					},
					"pilot" :
					{
						"value": 0,
						"max": 10,
						"related" : ["itr"],
						"type" : "physical",
						"title": "PRIME.refinment_title_pilot",
						"description": "PRIME.refinment_description_pilot"
					},
					"skulldugery" :
					{
						"value": 0,
						"max": 10,
						"related" : ["itr", "mov"],
						"type" : "physical",
						"title": "PRIME.refinment_title_skulldugery",
						"description": "PRIME.refinment_description_skulldugery"
					},


					"artistry" :
					{
						"value": 0,
						"max": 10,
						"related" : ["man", "int", "itr"],
						"type" : "mental",
						"title": "PRIME.refinment_title_artistry",
						"description": "PRIME.refinment_description_artistry"
					},
					"observation" :
					{
						"value": 0,
						"max": 10,
						"related" : ["per"],
						"type" : "mental",
						"title": "PRIME.refinment_title_observation",
						"description": "PRIME.refinment_description_observation"
					},
					"influence" :
					{
						"value": 0,
						"max": 10,
						"related" : ["man", "per", "int", "itr"],
						"type" : "mental",
						"title": "PRIME.refinment_title_influence",
						"description": "PRIME.refinment_description_influence"
					},
					"discern" :
					{
						"value": 0,
						"max": 10,
						"related" : ["man", "per", "int", "itr"],
						"type" : "mental",
						"title": "PRIME.refinment_title_discern",
						"description": "PRIME.refinment_description_discern"
					},
					"fortitude" :
					{
						"value": 0,
						"max": 10,
						"related" : ["res"],
						"type" : "mental",
						"title": "PRIME.refinment_title_fortitude",
						"description": "PRIME.refinment_description_fortitude"
					},
					"culture" :
					{
						"value": 0,
						"max": 10,
						"related" : ["man", "per", "int"],
						"type" : "mental",
						"title": "PRIME.refinment_title_culture",
						"description": "PRIME.refinment_description_culture"
					},
					"medicine" :
					{
						"value": 0,
						"max": 10,
						"related" : ["per", "int", "itr"],
						"type" : "mental",
						"title": "PRIME.refinment_title_medicine",
						"description": "PRIME.refinment_description_medicine"
					},
					"metaphysics" :
					{
						"value": 0,
						"max": 10,
						"related" : ["int", "per", "por", "att"],
						"type" : "mental",
						"title": "PRIME.refinment_title_metaphysics",
						"description": "PRIME.refinment_description_metaphysics"
					},
					"doctrines" :
					{
						"value": 0,
						"max": 10,
						"related" : ["man", "per", "int", "mov"],
						"type" : "mental",
						"title": "PRIME.refinment_title_doctrines",
						"description": "PRIME.refinment_description_doctrines"
					},
					"sciences" :
					{
						"value": 0,
						"max": 10,
						"related" : ["int", "per"],
						"type" : "mental",
						"title": "PRIME.refinment_title_sciences",
						"description": "PRIME.refinment_description_sciences"
					},
					
					"fury" :
					{
						"value": 0,
						"max": 10,
						"related" : ["por"],
						"type" : "supernaturual",
						"title": "PRIME.refinment_title_fury",
						"description": "PRIME.refinment_description_fury"
					},
					"premonition" :
					{
						"value": 0,
						"max": 10,
						"related" : ["por"],
						"type" : "supernaturual",
						"title": "PRIME.refinment_title_premonition",
						"description": "PRIME.refinment_description_premonition"
					},
					"threads" :
					{
						"value": 0,
						"max": 10,
						"related" : ["por", "end", "res", "per", "int"],
						"type" : "supernaturual",
						"title": "PRIME.refinment_title_threads",
						"description": "PRIME.refinment_description_threads"
					},
					"regeneration" :
					{
						"value": 0,
						"max": 10,
						"related" : ["por"],
						"type" : "supernaturual",
						"title": "PRIME.refinment_title_regeneration",
						"description": "PRIME.refinment_description_regeneration"
					},
					"tap" :
					{
						"value": 0,
						"max": 10,
						"related" : ["att"],
						"type" : "supernaturual",
						"title": "PRIME.refinment_title_tap",
						"description": "PRIME.refinment_description_tap"
					},
					"release" :
					{
						"value": 0,
						"max": 10,
						"related" : ["att"],
						"type" : "supernaturual",
						"title": "PRIME.refinment_title_release",
						"description": "PRIME.refinment_description_release"
					},
					"manifest" :
					{
						"value": 0,
						"max": 10,
						"related" : ["por"],
						"type" : "supernaturual",
						"title": "PRIME.refinment_title_manifest",
						"description": "PRIME.refinment_description_manifest"
					}
				}
			}
		},
		"character":{
			"templates":
			[
				"base_template",
				"metadata_template",
				"primes_template",
				"refinements_template"
			],
			"perks": [],
			"wounds": 
			{
				"wound0":0,
				"wound1":0,
				"wound2":0,
				"wound3":0,
				"wound4":0,
				"wound5":0,
				"wound6":0
			}
		}
	},
	"Item":
	{
		"types":[
			"item",
			"melee-weapon",
			"ranged-weapon",
			"armour",
			"perk"
		],
		"templates":{
			"base":
			{
				"description":""
			},

			"physicalItem":
			{
				"quantity":1,
				"weight":0,
				"rarity": "common"
			},

			"valuable":
			{
				"valueType": "",
				"valueAmount": ""
			},

			"mastercratable":
			{
				"isMasterCraft": false,
				"mastercraftTraits": []
			},

			"actorFeature":
			{
				"cost":
				{
					"attributePath":"",
					"amount": 0
				},
				"prerequisites": []
			},

			"metadata":
			{
				"creator": "",
				"creatorID": "",
				"created": "",
				"updater": "",
				"updaterID": "",
				"updated": ""
			},

			"weapon": 
			{
				"weaponSize": "",
				"weaponType": "",
				"damageRating": 0,
				"requiredHands": 1,
				"woundConditions": [],
				"keywords": [],
				"customActions": []
			},

			"ranged": 
			{
				"ranges":
				{
					"pointBlank": 
					{
						"value": 0
					},
					"short": 
					{
						"value": 0
					},
					"medium": 
					{
						"value": 0
					},
					"long": 
					{
						"value": 0
					},
					"extreme": 
					{
						"value": 0
					}
				},
				"ammo":
				{
					"type": "",
					"capacity": ""
				}
			},
			
			"armour":
			{
				"armourType": "",
				"protection": 0,
				"armourResilience": 1,
				"keywords": [],
				"untrainedPenalty": [],
				"isWorn": false
			}
		},

		"item":
		{
			"templates":["base", "physicalItem", "valuable", "metadata"]
		},

		"melee-weapon":
		{
			"templates":["base", "physicalItem", "weapon", "mastercratable", "valuable", "metadata"],
			"isMelee": true,
			"isRanged": false,
			"notes": ""
		},

		"ranged-weapon":
		{
			"templates":["base", "physicalItem", "weapon", "ranged", "mastercratable", "valuable", "metadata"],
			"isMelee": false,
			"isRanged": true,
			"notes": ""
		},

		"armour":
		{
			"templates":["base", "physicalItem", "armour", "mastercratable", "valuable", "metadata"],
			"notes": ""
		},
		"perk":
		{
			"templates": ["base", "actorFeature", "metadata"]			
		}
	},
	"Tables":
	{
		"items":
		{
			"rarity":
			[
				{
					"key": "common",
					"title": "PRIME.item_rarity_common"
				},
				{
					"key": "uncommon",
					"title": "PRIME.item_rarity_uncommon"
				},
				{
					"key": "scarce",
					"title": "PRIME.item_rarity_scarce"
				},
				{
					"key": "rare",
					"title": "PRIME.item_rarity_rare"
				},
				{
					"key": "legendary",
					"title": "PRIME.item_rarity_legendary"
				},
				{
					"key": "unique",
					"title": "PRIME.item_rarity_unique"
				}
			],
			"weapons":
			{
				"sizes":
				[
					{
						"key": "tiny",
						"title": "PRIME.weapon_sizes_tiny"
					},
					{
						"key": "small",
						"title": "PRIME.weapon_sizes_small"
					},
					{
						"key": "medium",
						"title": "PRIME.weapon_sizes_medium"
					},
					{
						"key": "large",
						"title": "PRIME.weapon_sizes_large"
					},
					{
						"key": "huge",
						"title": "PRIME.weapon_sizes_huge"
					}
				],

				"keywords":
				[
					{
						"key": "flexible",
						"title": "PRIME.weapon_keywords_title_flexible",
						"description": "PRIME.weapon_keywords_description_flexible"
					},
					{
						"key": "pole",
						"title": "PRIME.weapon_keywords_title_pole",
						"description": "PRIME.weapon_keywords_description_pole"
					},
					{
						"key": "ranked",
						"title": "PRIME.weapon_keywords_title_ranked",
						"description": "PRIME.weapon_keywords_description_ranked"
					},
					{
						"key": "minimum_range",
						"title": "PRIME.weapon_keywords_title_minimum_range",
						"description": "PRIME.weapon_keywords_description_minimum_range"
					},
					{
						"key": "weak",
						"title": "PRIME.weapon_keywords_title_weak",
						"description": "PRIME.weapon_keywords_description_weak"
					},
					{
						"key": "heavy",
						"title": "PRIME.weapon_keywords_title_heavy",
						"description": "PRIME.weapon_keywords_description_heavy"
					},
					{
						"key": "penetrating",
						"title": "PRIME.weapon_keywords_title_penetrating",
						"description": "PRIME.weapon_keywords_description_penetrating"
					},
					{
						"key": "devastating",
						"title": "PRIME.weapon_keywords_title_devastating",
						"description": "PRIME.weapon_keywords_description_devastating"
					},
					{
						"key": "versatile",
						"title": "PRIME.weapon_keywords_title_versatile",
						"description": "PRIME.weapon_keywords_description_versatile"
					},
					{
						"key": "cumbersome",
						"title": "PRIME.weapon_keywords_title_cumbersome",
						"description": "PRIME.weapon_keywords_description_cumbersome"
					}
				],

				"woundConditions":
				[
					{
						"key": "bleeding",
						"title": "PRIME.weapon_wound_condition_title_bleeding",
						"description": "PRIME.weapon_wound_condition_description_bleeding"
					},
					{
						"key": "pierced",
						"title": "PRIME.weapon_wound_condition_title_pierced",
						"description": "PRIME.weapon_wound_condition_description_pierced"
					},
					{
						"key": "hooked",
						"title": "PRIME.weapon_wound_condition_title_hooked",
						"description": "PRIME.weapon_wound_condition_description_hooked"
					},
					{
						"key": "non-lethal",
						"title": "PRIME.weapon_wound_condition_title_non-lethal",
						"description": "PRIME.weapon_wound_condition_description_non-lethal"
					},
					{
						"key": "staggered",
						"title": "PRIME.weapon_wound_condition_title_staggered",
						"description": "PRIME.weapon_wound_condition_description_staggered"
					},
					{
						"key": "stunned",
						"title": "PRIME.weapon_wound_condition_title_stunned",
						"description": "PRIME.weapon_wound_condition_description_stunned"
					},
					{
						"key": "crushed",
						"title": "PRIME.weapon_wound_condition_title_crushed",
						"description": "PRIME.weapon_wound_condition_description_crushed"
					},
					{
						"key": "battered",
						"title": "PRIME.weapon_wound_condition_title_battered",
						"description": "PRIME.weapon_wound_condition_description_battered"
					},
					{
						"key": "slowed",
						"title": "PRIME.weapon_wound_condition_title_slowed",
						"description": "PRIME.weapon_wound_condition_description_slowed"
					}
				],

				"meleeWeaponActions":
				[
					{
						"key": "cleave",
						"title": "PRIME.weapon_action_title_cleave",
						"description": "PRIME.weapon_action_description_cleave",
						"apCost": 1
					},
					{
						"key": "hook",
						"title": "PRIME.weapon_action_title_hook",
						"description": "PRIME.weapon_action_description_hook",
						"apCost": 1
					},
					{
						"key": "impale",
						"title": "PRIME.weapon_action_title_impale",
						"description": "PRIME.weapon_action_description_impale",
						"apCost": 1
					},
					{
						"key": "bash",
						"title": "PRIME.weapon_action_title_bash",
						"description": "PRIME.weapon_action_description_bash",
						"apCost": 1
					},
					{
						"key": "stab",
						"title": "PRIME.weapon_action_title_stab",
						"description": "PRIME.weapon_action_description_stab",
						"apCost": 1
					}
				],

				"rangedWeaponActions":
				[
					{
						"key": "impale",
						"title": "PRIME.weapon_action_title_impale",
						"description": "PRIME.weapon_action_description_impale",
						"apCost": 1
					},
					{
						"key": "volley",
						"title": "PRIME.weapon_action_title_volley",
						"description": "PRIME.weapon_action_description_volley",
						"apCost": 1
					},
					{
						"key": "surpress",
						"title": "PRIME.weapon_action_title_surpress",
						"description": "PRIME.weapon_action_description_surpress",
						"apCost": 1
					},
					{
						"key": "burst",
						"title": "PRIME.weapon_action_title_burst",
						"description": "PRIME.weapon_action_description_burst",
						"apCost": 1
					},
					{
						"key": "lob",
						"title": "PRIME.weapon_action_title_lob",
						"description": "PRIME.weapon_action_description_lob",
						"apCost": 1
					}
				],

				"meleeTypes":
				[
					{
						"key": "blunt",
						"title": "PRIME.weapon_melee_type_blunt"
					},
					{
						"key": "sword",
						"title": "PRIME.weapon_melee_type_sword"
					},
					{
						"key": "dagger",
						"title": "PRIME.weapon_melee_type_dagger"
					},
					{
						"key": "axe",
						"title": "PRIME.weapon_melee_type_axe"
					},
					{
						"key": "pole",
						"title": "PRIME.weapon_melee_type_pole"
					}
				],

				"rangedTypes":
				[
					{
						"key": "bow",
						"title": "PRIME.weapon_ranged_type_bow"
					},
					{
						"key": "mechanical",
						"title": "PRIME.weapon_ranged_type_mechanical"
					},
					{
						"key": "thrown",
						"title": "PRIME.weapon_ranged_type_thrown"
					},
					{
						"key": "blowpipe",
						"title": "PRIME.weapon_ranged_type_blowpipe"
					}
				],

				"rangeCatergories" :
				{
					"pointBlank": "PRIME.weapons_ranges_point_blank",
					"short": "PRIME.weapons_ranges_short",
					"medium": "PRIME.weapons_ranges_medium",
					"long": "PRIME.weapons_ranges_long",
					"extreme": "PRIME.weapons_ranges_extreme"
				},

				"ammoTypes":
				[
					{
						"key": "arrow",
						"title": "PRIME.weapon_ammo_type_arrow"
					},
					{
						"key": "bolt",
						"title": "PRIME.weapon_ammo_type_bolt"
					},
					{
						"key": "dart",
						"title": "PRIME.weapon_ammo_type_dart"
					},
					{
						"key": "bullet",
						"title": "PRIME.weapon_ammo_type_bullet"
					}
				]
			},

			"armour":
			{
				"types":
				[
					{
						"key": "cloth",
						"title": "PRIME.armour_type_cloth"
					},
					{
						"key": "leather",
						"title": "PRIME.armour_type_leather"
					},
					{
						"key": "chain",
						"title": "PRIME.armour_type_chain"
					},
					{
						"key": "plate",
						"title": "PRIME.armour_type_plate"
					},
					{
						"key": "other",
						"title": "PRIME.armour_type_other"
					}
				],

				"keywords":
				[
					{
						"key": "ablative",
						"title": "PRIME.armour_keyword_title_ablative",
						"description": "PRIME.armour_keyword_description_ablative"
					},
					{
						"key": "cumbersome",
						"title": "PRIME.armour_keyword_title_cumbersome",
						"description": "PRIME.armour_keyword_description_cumbersome"
					},
					{
						"key": "restrictive",
						"title": "PRIME.armour_keyword_title_restrictive",
						"description": "PRIME.armour_keyword_description_restrictive"
					},
					{
						"key": "camouflaging",
						"title": "PRIME.armour_keyword_title_camouflaging",
						"description": "PRIME.armour_keyword_description_camouflaging"
					},
					{
						"key": "silent",
						"title": "PRIME.armour_keyword_title_silent",
						"description": "PRIME.armour_keyword_description_silent"
					},
					{
						"key": "senseDepriving",
						"title": "PRIME.armour_keyword_title_sense_depriving",
						"description": "PRIME.armour_keyword_description_sense_depriving"
					}
				],

				"untrainedPenalities":
				[
					{
						"key": "plusOneAP",
						"title": "PRIME.armour_untrained_penalities_title_plus_one_ap",
						"description": "PRIME.armour_untrained_penalities_description_plus_one_ap"
					},
					{
						"key": "plusTwoAP",
						"title": "PRIME.armour_untrained_penalities_title_plus_two_ap",
						"description": "PRIME.armour_untrained_penalities_description_plus_two_ap"
					},
					{
						"key": "plusThreeAP",
						"title": "PRIME.armour_untrained_penalities_title_plus_three_ap",
						"description": "PRIME.armour_untrained_penalities_description_plus_three_ap"
					},
					{
						"key": "plusFourAP",
						"title": "PRIME.armour_untrained_penalities_title_plus_four_ap",
						"description": "PRIME.armour_untrained_penalities_description_plus_four_ap"
					}
				]
			}
		}
	}
}