{
  "name": "boilerplate",
  "title": "Boilerplate",
  "description": "The Boilerplate system for FoundryVTT!",
  "version": "1.0.3",
  "minimumCoreVersion": "0.5.5",
  "compatibleCoreVersion": "0.5.5",
  "templateVersion": 2,
  "author": "John Doe",
  "esmodules": ["module/boilerplate.js"],
  "styles": ["css/boilerplate.css"],
  "scripts": [],
  "packs": [],
  "languages": [
    {
      "lang": "en",
      "name": "English",
      "path": "lang/en.json"
    }
  ],
  "gridDistance": 5,
  "gridUnits": "ft",
  "primaryTokenAttribute": "health",
  "secondaryTokenAttribute": "power",
  "url": "",
  "manifest": "",
  "download": "",
  "license": "LICENSE.txt"
}
