{
  "Actor": {
    "types": ["character"],
    "templates": {
      "base": {
        "health": {
          "value": 10,
          "min": 0,
          "max": 10
        },
        "power": {
          "value": 5,
          "min": 0,
          "max": 5
        }
      }
    },
    "character": {
      "templates": ["base"],
      "biography": "",
      "attributes": {
        "level": {
          "value": 1
        }
      },
      "abilities": {
        "str": {
          "value": 10
        },
        "dex": {
          "value": 10
        },
        "con": {
          "value": 10
        },
        "int": {
          "value": 10
        },
        "wis": {
          "value": 10
        },
        "cha": {
          "value": 10
        }
      }
    }
  },
  "Item": {
    "types": ["item", "feature", "spell"],
    "templates": {
      "base": {
        "description": ""
      }
    },
    "item": {
      "templates": ["base"],
      "quantity": 1,
      "weight": 0
    },
    "feature": {
      "templates": ["base"]
    },
    "spell": {
      "templates": ["base"],
      "spellLevel": 1
    }
  }
}
